<?xml version="1.0" encoding="UTF-8"?>
<configuration>
    <property resource="application.properties" />
    <contextName>${spring.application.name}</contextName>
    <appender name="CONSOLE" class="ch.qos.logback.core.ConsoleAppender">
        <encoder class="net.logstash.logback.encoder.LoggingEventCompositeJsonEncoder">
            <providers>
                <contextName>
                    <fieldName>app</fieldName>
                </contextName>
                <timestamp>
                    <fieldName>time</fieldName>
                    <timeZone>UTC</timeZone>
                </timestamp>
                <loggerName>
                    <fieldName>logger</fieldName>
                </loggerName>
                <logLevel>
                    <fieldName>level</fieldName>
                </logLevel>
                <callerData>
                    <classFieldName>class</classFieldName>
                    <methodFieldName>method</methodFieldName>
                    <lineFieldName>line</lineFieldName>
                    <fileFieldName>file</fileFieldName>
                </callerData>
                <threadName>
                    <fieldName>thread</fieldName>
                </threadName>
                <mdc />
                <arguments>
                    <includeNonStructuredArguments>false</includeNonStructuredArguments>
                </arguments>
                <stackTrace>
                    <fieldName>stack</fieldName>
                </stackTrace>
                <message>
                    <fieldName>msg</fieldName>
                </message>
            </providers>
        </encoder>
    </appender>
    <root level="INFO">
        <appender-ref ref="CONSOLE" />
    </root>
</configuration>
